/*
SQLyog Community v13.1.9 (64 bit)
MySQL - 10.11.4-MariaDB : Database - db_monitoring_prod_ads
*********************************************************************
*/

/*!40101 SET NAMES utf8 */;

/*!40101 SET SQL_MODE=''*/;

/*!40014 SET @OLD_UNIQUE_CHECKS=@@UNIQUE_CHECKS, UNIQUE_CHECKS=0 */;
/*!40014 SET @OLD_FOREIGN_KEY_CHECKS=@@FOREIGN_KEY_CHECKS, FOREIGN_KEY_CHECKS=0 */;
/*!40101 SET @OLD_SQL_MODE=@@SQL_MODE, SQL_MODE='NO_AUTO_VALUE_ON_ZERO' */;
/*!40111 SET @OLD_SQL_NOTES=@@SQL_NOTES, SQL_NOTES=0 */;
CREATE DATABASE /*!32312 IF NOT EXISTS*/`db_monitoring_prod_ads` /*!40100 DEFAULT CHARACTER SET latin1 COLLATE latin1_swedish_ci */;

USE `db_monitoring_prod_ads`;

/*Table structure for table `mst_category` */

DROP TABLE IF EXISTS `mst_category`;

CREATE TABLE `mst_category` (
  `id` int(11) NOT NULL AUTO_INCREMENT,
  `name` varchar(255) DEFAULT NULL,
  `file` varchar(255) DEFAULT NULL,
  `is_active` int(11) DEFAULT NULL,
  `update_by` int(11) DEFAULT NULL,
  `last_update` timestamp NOT NULL DEFAULT current_timestamp() ON UPDATE current_timestamp(),
  KEY `id` (`id`)
) ENGINE=InnoDB AUTO_INCREMENT=11 DEFAULT CHARSET=utf8mb3 COLLATE=utf8mb3_general_ci;

/*Data for the table `mst_category` */

insert  into `mst_category`(`id`,`name`,`file`,`is_active`,`update_by`,`last_update`) values 
(1,'Cold Work Tool Steel','86265.pdf',1,1,'2023-09-21 06:48:32'),
(2,'Hot Work Tools Steel','22432.pdf',1,1,'2023-10-02 08:47:51'),
(3,'Power High Speed Tool Steel',NULL,1,1,'2023-09-21 06:26:21'),
(4,'Plastic Mould Tool Steel',NULL,1,1,'2023-09-21 06:26:21'),
(5,'Machinery Steel',NULL,1,1,'2023-09-21 06:26:21'),
(6,'Allumunium Steel',NULL,1,1,'2023-09-21 06:26:21'),
(7,'Others',NULL,1,1,'2023-09-21 06:26:21'),
(8,'Welding Rod',NULL,1,1,'2023-09-21 06:26:21'),
(9,'tes add dddd',NULL,0,1,'2023-09-21 06:28:40'),
(10,'esssdcsds','48317.pdf',1,1,'2023-09-21 06:46:16');

/*Table structure for table `mst_loc_material` */

DROP TABLE IF EXISTS `mst_loc_material`;

CREATE TABLE `mst_loc_material` (
  `id` int(11) NOT NULL AUTO_INCREMENT,
  `name` varchar(255) DEFAULT NULL,
  `is_active` int(11) DEFAULT NULL,
  `update_by` int(11) DEFAULT NULL,
  `last_update` timestamp NOT NULL DEFAULT current_timestamp() ON UPDATE current_timestamp(),
  KEY `id` (`id`)
) ENGINE=InnoDB AUTO_INCREMENT=3 DEFAULT CHARSET=latin1 COLLATE=latin1_swedish_ci;

/*Data for the table `mst_loc_material` */

insert  into `mst_loc_material`(`id`,`name`,`is_active`,`update_by`,`last_update`) values 
(1,'JAPAN',1,1,'2023-09-02 21:01:08'),
(2,'CHINA',1,1,'2023-09-02 21:01:17');

/*Table structure for table `mst_machine` */

DROP TABLE IF EXISTS `mst_machine`;

CREATE TABLE `mst_machine` (
  `id` int(11) NOT NULL AUTO_INCREMENT,
  `name` varchar(255) DEFAULT NULL,
  `type` enum('CUTTING','MACHINING') DEFAULT NULL,
  `update_by` int(11) DEFAULT NULL,
  `is_active` int(11) DEFAULT NULL,
  `last_update` timestamp NULL DEFAULT current_timestamp() ON UPDATE current_timestamp(),
  KEY `id` (`id`)
) ENGINE=InnoDB AUTO_INCREMENT=25 DEFAULT CHARSET=latin1 COLLATE=latin1_swedish_ci;

/*Data for the table `mst_machine` */

insert  into `mst_machine`(`id`,`name`,`type`,`update_by`,`is_active`,`last_update`) values 
(1,'C1','CUTTING',1,1,'2023-10-29 19:04:24'),
(2,'C2','CUTTING',1,1,'2023-10-29 19:04:24'),
(3,'C3','CUTTING',1,1,'2023-10-29 19:04:24'),
(4,'C4','CUTTING',1,1,'2023-10-29 19:04:24'),
(5,'C5','CUTTING',1,1,'2023-10-29 19:04:24'),
(6,'C6','CUTTING',1,1,'2023-10-29 19:04:24'),
(7,'C7','CUTTING',1,1,'2023-10-29 19:04:24'),
(8,'C8','CUTTING',1,1,'2023-10-29 19:04:24'),
(9,'C9','CUTTING',1,1,'2023-10-29 19:04:24'),
(10,'C10','CUTTING',1,1,'2023-10-29 19:04:24'),
(11,'C11','CUTTING',1,1,'2023-10-29 19:04:24'),
(12,'C12','CUTTING',1,1,'2023-10-29 19:04:24'),
(13,'C13','CUTTING',1,1,'2023-10-29 19:04:24'),
(14,'C14','CUTTING',1,1,'2023-10-29 19:04:24'),
(15,'C15','CUTTING',1,1,'2023-10-29 19:04:24'),
(16,'C16','CUTTING',1,1,'2023-10-29 19:04:24'),
(17,'C17','CUTTING',1,1,'2023-10-29 19:04:24'),
(18,'C18','CUTTING',1,1,'2023-10-29 19:04:24'),
(19,'M1','MACHINING',1,1,'2023-10-29 19:04:24'),
(20,'M2','MACHINING',1,1,'2023-10-29 19:04:24'),
(21,'M3','MACHINING',1,1,'2023-10-29 19:04:24'),
(22,'M4','MACHINING',1,1,'2023-10-29 19:04:24'),
(23,'M5','MACHINING',1,1,'2023-10-29 19:04:24'),
(24,'M6','MACHINING',1,1,'2023-10-29 19:04:24');

/*Table structure for table `mst_man_power` */

DROP TABLE IF EXISTS `mst_man_power`;

CREATE TABLE `mst_man_power` (
  `id` int(11) NOT NULL AUTO_INCREMENT,
  `nik` varchar(255) DEFAULT NULL,
  `name` varchar(255) DEFAULT NULL,
  `update_by` int(11) DEFAULT NULL,
  `is_active` int(11) DEFAULT NULL,
  `last_update` timestamp NULL DEFAULT current_timestamp() ON UPDATE current_timestamp(),
  KEY `id` (`id`)
) ENGINE=InnoDB AUTO_INCREMENT=21 DEFAULT CHARSET=latin1 COLLATE=latin1_swedish_ci;

/*Data for the table `mst_man_power` */

insert  into `mst_man_power`(`id`,`nik`,`name`,`update_by`,`is_active`,`last_update`) values 
(1,'5582','RAHMAT NUGROHO',1,1,'2023-10-29 18:47:12'),
(2,'5541','UMAR HADI',1,1,'2023-10-29 18:47:50'),
(3,'5472','YUSUF SYAFAAT',1,1,'2023-11-19 04:07:44'),
(4,'5646','SABAR WASIRAN',1,1,'2023-11-19 04:07:46'),
(5,'5546','KARYA WIJAYA',1,1,'2023-11-19 04:07:48'),
(6,'5544','JAKARIA',1,1,'2023-11-19 04:07:53'),
(7,'1111','YANUARDIN',1,1,'2023-11-19 04:07:55'),
(8,'5397','RUSITO',1,1,'2023-11-19 04:07:57'),
(9,'5466','SEPTIADI PRATOMO',1,1,'2023-11-19 04:08:00'),
(10,'5419','RUKMAN',1,1,'2023-11-19 04:08:02'),
(11,'5536','JAKA RARA SUKMA',1,1,'2023-11-19 04:08:04'),
(12,'5532','ANDI SANTOSO',1,1,'2023-11-19 04:08:06'),
(13,'5535','AGUNG PANGESTU YUSUF',1,1,'2023-11-19 04:08:07'),
(14,'5564','NUR SUPRIYANTO',1,1,'2023-11-19 04:08:09'),
(15,'5425','DASUKI',1,1,'2023-11-19 04:08:11'),
(16,'5264','NURSAID',1,1,'2023-11-19 04:08:13'),
(17,'5600','AGUS ROSIDIN',1,1,'2023-11-19 04:08:15'),
(18,'5489','MIFTAKHUROHMAN',1,1,'2023-11-19 04:08:17'),
(19,'5542','HAERUL IKHSAN',1,1,'2023-11-19 04:08:19'),
(20,'5569','HENDRIO',1,1,'2023-11-19 04:08:21');

/*Table structure for table `mst_material` */

DROP TABLE IF EXISTS `mst_material`;

CREATE TABLE `mst_material` (
  `id` int(11) NOT NULL AUTO_INCREMENT,
  `id_lc` int(11) DEFAULT NULL,
  `grade` varchar(255) DEFAULT NULL,
  `shape` int(11) DEFAULT NULL,
  `is_active` int(11) DEFAULT NULL,
  `update_by` int(11) DEFAULT NULL,
  `last_update` timestamp NULL DEFAULT current_timestamp() ON UPDATE current_timestamp(),
  KEY `id` (`id`)
) ENGINE=InnoDB AUTO_INCREMENT=52 DEFAULT CHARSET=latin1 COLLATE=latin1_swedish_ci;

/*Data for the table `mst_material` */

insert  into `mst_material`(`id`,`id_lc`,`grade`,`shape`,`is_active`,`update_by`,`last_update`) values 
(1,1,'GOA-ROUND',1,1,1,'2023-09-02 22:08:00'),
(2,1,'GOA-FLAT',2,1,1,'2023-09-02 22:08:00'),
(3,2,'DC11-ROUND',1,1,1,'2023-09-02 22:08:00'),
(4,2,'DC11-FLAT',2,1,1,'2023-09-02 22:08:00'),
(5,1,'DCMX-ROUND',1,1,1,'2023-09-02 22:08:00'),
(6,1,'DCMX-FLAT',2,1,1,'2023-09-02 22:08:00'),
(7,1,'DC53-ROUND',1,1,1,'2023-09-02 22:08:00'),
(8,1,'DC54-FLAT',2,1,1,'2023-09-02 22:08:00'),
(9,1,'GO5-FLAT',2,1,1,'2023-09-02 22:08:00'),
(10,2,'YK30/YK4-ROUND',1,1,1,'2023-09-02 22:08:00'),
(11,2,'YK4/YK30-FLAT',2,1,1,'2023-09-02 22:08:00'),
(12,1,'DHA1-ROUND',1,1,1,'2023-09-02 22:08:00'),
(13,1,'DHA2-FLAT',2,1,1,'2023-09-02 22:08:00'),
(14,1,'DHA-WORLD-ROUND',1,1,1,'2023-09-02 22:08:00'),
(15,1,'DHA-WORLD-FLAT',2,1,1,'2023-09-02 22:08:00'),
(16,2,'DHA-ROUND',1,1,1,'2023-09-02 22:08:00'),
(17,1,'DHA-THERMO-FLAT',2,1,1,'2023-09-02 22:08:00'),
(18,1,'DHA-THERMO-ROUND',1,1,1,'2023-09-02 22:08:00'),
(19,2,'DH2F-ROUND',1,1,1,'2023-09-02 22:08:00'),
(20,2,'DH2F-FLAT',2,1,1,'2023-09-02 22:08:00'),
(21,2,'DH31/DH31-S-ROUND',1,1,1,'2023-09-02 22:08:00'),
(22,2,'DH31/DH31-S-FLAT',2,1,1,'2023-09-02 22:08:00'),
(23,1,'DH31-EX-ROUND',1,1,1,'2023-09-02 22:08:00'),
(24,1,'DH32-EX-FLAT',2,1,1,'2023-09-02 22:08:00'),
(25,2,'DH32-ROUND',1,1,1,'2023-09-02 22:08:00'),
(26,2,'DH32-FLAT',2,1,1,'2023-09-02 22:08:00'),
(27,1,'GFA-ROUND',1,1,1,'2023-09-02 22:08:00'),
(28,1,'GFA-FLAT',2,1,1,'2023-09-02 22:08:00'),
(29,2,'PX4-ROUND',1,1,1,'2023-09-02 22:08:00'),
(30,2,'PX4-FLAT',2,1,1,'2023-09-02 22:08:00'),
(31,1,'NAK55/80 - ROUND',1,1,1,'2023-09-02 22:08:00'),
(32,1,'NAK55/80 - FLAT',2,1,1,'2023-09-02 22:08:00'),
(33,1,'S-STAR-ROUND',1,1,1,'2023-09-02 22:08:00'),
(34,1,'S-STAR-FLAT',2,1,1,'2023-09-02 22:08:00'),
(35,2,'PAC5000-FLAT',2,1,1,'2023-09-02 22:08:00'),
(36,2,'DRM1-ROUND',1,1,1,'2023-09-02 22:08:00'),
(37,2,'DRM1-FLAT',2,1,1,'2023-09-02 22:08:00'),
(38,2,'DRM2-ROUND',1,1,1,'2023-09-02 22:08:00'),
(39,2,'DRM2-FLAT',2,1,1,'2023-09-02 22:08:00'),
(40,2,'DRM3-ROUND',1,1,1,'2023-09-02 22:08:00'),
(41,2,'DRM3-FLAT',2,1,1,'2023-09-02 22:08:00'),
(42,2,'SPD86K-FLAT',2,1,1,'2023-09-02 22:08:00'),
(43,1,'CND-ROUND',1,1,1,'2023-09-02 22:08:00'),
(44,1,'DHA1E-ROUND',1,1,1,'2023-09-02 22:08:00'),
(45,1,'DC11-FLAT(SPECIALPRICE)',2,1,1,'2023-09-02 22:08:00'),
(46,1,'DC11-ROUND(SPECIALPRICE)',1,1,1,'2023-09-02 22:08:00'),
(47,1,'PX4-FLAT(SPECIALPRICE)',2,1,1,'2023-09-02 22:08:00'),
(48,1,'DHA1MAI-FLAT',2,1,1,'2023-09-02 22:08:00'),
(49,1,'TES-ADD',1,0,1,'2023-09-17 07:23:35'),
(50,1,'TESS-Add',1,0,1,'2023-09-17 09:25:27'),
(51,1,'Tes no laction',1,0,1,'2023-09-20 22:06:39');

/*Table structure for table `mst_shape` */

DROP TABLE IF EXISTS `mst_shape`;

CREATE TABLE `mst_shape` (
  `id` int(11) NOT NULL AUTO_INCREMENT,
  `name` varchar(255) DEFAULT NULL,
  `is_active` int(11) DEFAULT NULL,
  `update_by` int(11) DEFAULT NULL,
  `last_update` timestamp NOT NULL DEFAULT current_timestamp() ON UPDATE current_timestamp(),
  KEY `id` (`id`)
) ENGINE=InnoDB AUTO_INCREMENT=3 DEFAULT CHARSET=latin1 COLLATE=latin1_swedish_ci;

/*Data for the table `mst_shape` */

insert  into `mst_shape`(`id`,`name`,`is_active`,`update_by`,`last_update`) values 
(1,'ROUND',1,1,'2023-09-02 21:23:46'),
(2,'FLAT',1,1,'2023-09-02 21:24:30');

/*Table structure for table `trx_act_manpower` */

DROP TABLE IF EXISTS `trx_act_manpower`;

CREATE TABLE `trx_act_manpower` (
  `id` int(11) NOT NULL AUTO_INCREMENT,
  `id_mc` int(11) DEFAULT NULL,
  `id_manpower` varchar(255) DEFAULT NULL,
  `date` date DEFAULT NULL,
  `shift` int(11) DEFAULT NULL,
  `last_update` timestamp NULL DEFAULT current_timestamp() ON UPDATE current_timestamp(),
  KEY `id` (`id`)
) ENGINE=InnoDB AUTO_INCREMENT=4 DEFAULT CHARSET=latin1 COLLATE=latin1_swedish_ci;

/*Data for the table `trx_act_manpower` */

insert  into `trx_act_manpower`(`id`,`id_mc`,`id_manpower`,`date`,`shift`,`last_update`) values 
(1,3,'[2, 3]','2023-11-18',1,'2023-11-19 04:36:47'),
(2,4,'[5, 6]','2023-11-18',1,'2023-11-19 05:30:45'),
(3,1,'[10, 15]','2023-11-18',2,'2023-11-19 05:49:11');

/*Table structure for table `trx_eff_machine` */

DROP TABLE IF EXISTS `trx_eff_machine`;

CREATE TABLE `trx_eff_machine` (
  `id` int(11) NOT NULL AUTO_INCREMENT,
  `id_mc` int(11) DEFAULT NULL,
  `shift` int(11) DEFAULT NULL,
  `waktu` varchar(255) DEFAULT NULL,
  `date` date DEFAULT NULL,
  `last_update` timestamp NULL DEFAULT current_timestamp() ON UPDATE current_timestamp(),
  KEY `id` (`id`)
) ENGINE=InnoDB AUTO_INCREMENT=5 DEFAULT CHARSET=latin1 COLLATE=latin1_swedish_ci;

/*Data for the table `trx_eff_machine` */

insert  into `trx_eff_machine`(`id`,`id_mc`,`shift`,`waktu`,`date`,`last_update`) values 
(1,3,1,'4.88','2023-11-18','2023-11-19 02:28:46'),
(2,3,2,'5.2','2023-11-18','2023-11-19 02:26:10'),
(3,4,1,'6.5','2023-11-18','2023-11-19 03:01:11'),
(4,4,2,'4.5','2023-11-18','2023-11-19 03:33:25');

/*Table structure for table `trx_prod_in` */

DROP TABLE IF EXISTS `trx_prod_in`;

CREATE TABLE `trx_prod_in` (
  `id` int(11) NOT NULL AUTO_INCREMENT,
  `id_mc` int(11) DEFAULT NULL,
  `jml_wo` int(11) DEFAULT NULL,
  `pcs` int(11) DEFAULT NULL,
  `kg` int(11) DEFAULT NULL,
  `date` date DEFAULT NULL,
  `last_update` timestamp NULL DEFAULT current_timestamp() ON UPDATE current_timestamp(),
  KEY `id` (`id`)
) ENGINE=InnoDB AUTO_INCREMENT=4 DEFAULT CHARSET=latin1 COLLATE=latin1_swedish_ci;

/*Data for the table `trx_prod_in` */

insert  into `trx_prod_in`(`id`,`id_mc`,`jml_wo`,`pcs`,`kg`,`date`,`last_update`) values 
(1,3,8000,800,80,'2023-11-18','2023-11-18 21:37:44'),
(2,5,9000,900,90,'2023-11-18','2023-11-18 22:11:07'),
(3,10,2000,200,20,'2023-11-18','2023-11-19 00:11:00');

/*Table structure for table `trx_prod_out` */

DROP TABLE IF EXISTS `trx_prod_out`;

CREATE TABLE `trx_prod_out` (
  `id` int(11) NOT NULL AUTO_INCREMENT,
  `shift` int(11) DEFAULT NULL,
  `id_mc` int(11) DEFAULT NULL,
  `jml_wo` int(11) DEFAULT NULL,
  `pcs` int(11) DEFAULT NULL,
  `kg` int(11) DEFAULT NULL,
  `date` date DEFAULT NULL,
  `last_update` timestamp NULL DEFAULT current_timestamp() ON UPDATE current_timestamp(),
  KEY `id` (`id`)
) ENGINE=InnoDB AUTO_INCREMENT=4 DEFAULT CHARSET=latin1 COLLATE=latin1_swedish_ci;

/*Data for the table `trx_prod_out` */

insert  into `trx_prod_out`(`id`,`shift`,`id_mc`,`jml_wo`,`pcs`,`kg`,`date`,`last_update`) values 
(1,1,3,8000,800,80,'2023-11-18','2023-11-18 21:38:06'),
(2,2,10,6000,600,60,'2023-11-18','2023-11-19 00:35:00'),
(3,1,5,10000,1000,100,'2023-11-18','2023-11-19 00:35:52');

/*Table structure for table `trx_prod_sisa` */

DROP TABLE IF EXISTS `trx_prod_sisa`;

CREATE TABLE `trx_prod_sisa` (
  `id` int(11) NOT NULL AUTO_INCREMENT,
  `id_mc` int(11) DEFAULT NULL,
  `jml_wo` int(11) DEFAULT NULL,
  `pcs` int(11) DEFAULT NULL,
  `kg` int(11) DEFAULT NULL,
  `date` date DEFAULT NULL,
  `last_update` timestamp NULL DEFAULT current_timestamp() ON UPDATE current_timestamp(),
  KEY `id` (`id`)
) ENGINE=InnoDB AUTO_INCREMENT=3 DEFAULT CHARSET=latin1 COLLATE=latin1_swedish_ci;

/*Data for the table `trx_prod_sisa` */

insert  into `trx_prod_sisa`(`id`,`id_mc`,`jml_wo`,`pcs`,`kg`,`date`,`last_update`) values 
(1,5,1000,100,10,'2023-11-18','2023-11-18 23:34:22'),
(2,10,4000,400,40,'2023-11-18','2023-11-19 00:11:37');

/*Table structure for table `trx_quartal` */

DROP TABLE IF EXISTS `trx_quartal`;

CREATE TABLE `trx_quartal` (
  `id` int(11) NOT NULL AUTO_INCREMENT,
  `id_material` int(11) DEFAULT NULL,
  `thn` varchar(255) DEFAULT NULL,
  `q1_base` int(11) DEFAULT NULL,
  `q1_alloy` int(11) DEFAULT NULL,
  `q1_fob` int(11) DEFAULT NULL,
  `q1_cnf` int(11) DEFAULT NULL,
  `q1_freight` int(11) DEFAULT NULL,
  `q2_base` int(11) DEFAULT NULL,
  `q2_alloy` int(11) DEFAULT NULL,
  `q2_fob` int(11) DEFAULT NULL,
  `q2_cnf` int(11) DEFAULT NULL,
  `q2_freight` int(11) DEFAULT NULL,
  `q3_base` int(11) DEFAULT NULL,
  `q3_alloy` int(11) DEFAULT NULL,
  `q3_fob` int(11) DEFAULT NULL,
  `q3_cnf` int(11) DEFAULT NULL,
  `q3_freight` int(11) DEFAULT NULL,
  `q4_base` int(11) DEFAULT NULL,
  `q4_alloy` int(11) DEFAULT NULL,
  `q4_fob` int(11) DEFAULT NULL,
  `q4_cnf` int(11) DEFAULT NULL,
  `q4_freight` int(11) DEFAULT NULL,
  `update_by` int(11) DEFAULT NULL,
  `last_update` timestamp NOT NULL DEFAULT current_timestamp() ON UPDATE current_timestamp(),
  KEY `id` (`id`)
) ENGINE=InnoDB AUTO_INCREMENT=290 DEFAULT CHARSET=latin1 COLLATE=latin1_swedish_ci;

/*Data for the table `trx_quartal` */

insert  into `trx_quartal`(`id`,`id_material`,`thn`,`q1_base`,`q1_alloy`,`q1_fob`,`q1_cnf`,`q1_freight`,`q2_base`,`q2_alloy`,`q2_fob`,`q2_cnf`,`q2_freight`,`q3_base`,`q3_alloy`,`q3_fob`,`q3_cnf`,`q3_freight`,`q4_base`,`q4_alloy`,`q4_fob`,`q4_cnf`,`q4_freight`,`update_by`,`last_update`) values 
(1,1,'2018',292,26,318,327,9,295,28,323,332,9,290,28,318,327,9,289,26,315,324,9,1,'2023-09-17 08:02:33'),
(2,2,'2018',311,26,337,346,9,313,28,341,350,9,308,28,336,345,9,307,26,333,342,9,1,'2023-09-17 08:02:33'),
(3,3,'2018',439,0,439,448,9,438,6,444,453,9,431,13,444,453,9,430,20,450,459,9,1,'2023-09-17 08:02:33'),
(4,4,'2018',459,0,459,468,9,457,6,463,472,9,450,13,463,472,9,449,20,469,478,9,1,'2023-09-17 08:02:33'),
(5,5,'2018',439,1,440,449,9,438,6,444,453,9,431,12,443,452,9,430,18,448,457,9,1,'2023-09-17 08:02:33'),
(6,6,'2018',459,1,460,469,9,457,6,463,472,9,450,12,462,471,9,449,18,467,476,9,1,'2023-09-17 08:02:33'),
(7,7,'2018',447,1,448,457,9,447,4,451,460,9,440,9,449,458,9,439,13,452,461,9,1,'2023-09-17 08:02:33'),
(8,8,'2018',470,1,471,480,9,469,4,473,482,9,462,9,471,480,9,461,13,474,483,9,1,'2023-09-17 08:02:33'),
(9,9,'2018',276,0,276,285,9,279,2,281,290,9,275,4,279,288,9,274,6,280,289,9,1,'2023-09-17 08:02:33'),
(10,10,'2018',238,1,239,248,9,242,2,244,253,9,238,3,241,250,9,237,3,240,249,9,1,'2023-09-17 08:02:33'),
(11,11,'2018',254,1,255,264,9,258,2,260,269,9,254,3,257,266,9,253,3,256,265,9,1,'2023-09-17 08:02:33'),
(12,12,'2018',428,0,428,437,9,427,16,443,452,9,420,37,457,466,9,419,55,474,483,9,1,'2023-09-17 08:02:33'),
(13,13,'2018',448,0,448,457,9,447,16,463,472,9,440,37,477,486,9,439,55,494,503,9,1,'2023-09-17 08:02:33'),
(14,14,'2018',428,0,428,437,9,427,16,443,452,9,420,37,457,466,9,419,55,474,483,9,1,'2023-09-17 08:02:33'),
(15,15,'2018',448,0,448,457,9,447,16,463,472,9,440,37,477,486,9,439,55,494,503,9,1,'2023-09-17 08:02:33'),
(16,16,'2018',427,1,428,437,9,426,11,437,446,9,419,24,443,452,9,418,36,454,463,9,1,'2023-09-17 08:02:33'),
(17,17,'2018',0,0,0,0,9,0,0,0,0,9,0,0,0,0,9,0,0,0,0,9,1,'2023-09-17 08:02:33'),
(18,18,'2018',0,0,0,0,9,0,0,0,0,9,0,0,0,0,9,0,0,0,0,9,1,'2023-09-17 08:02:33'),
(19,19,'2018',534,1,535,544,9,532,8,540,549,9,524,18,542,551,9,523,27,550,559,9,1,'2023-09-17 08:02:33'),
(20,20,'2018',573,1,574,583,9,570,8,578,587,9,561,18,579,588,9,560,27,587,596,9,1,'2023-09-17 08:02:33'),
(21,21,'2018',733,0,733,742,9,726,16,742,751,9,715,38,753,762,9,713,55,768,777,9,1,'2023-09-17 08:02:33'),
(22,22,'2018',753,0,753,762,9,744,16,760,769,9,732,38,770,779,9,730,55,785,794,9,1,'2023-09-17 08:02:33'),
(23,23,'2018',687,0,687,696,9,680,10,690,699,9,669,23,692,701,9,667,33,700,709,9,1,'2023-09-17 08:02:33'),
(24,24,'2018',707,0,707,716,9,699,10,709,718,9,688,23,711,720,9,686,33,719,728,9,1,'2023-09-17 08:02:33'),
(25,25,'2018',691,0,691,700,9,685,15,700,709,9,674,35,709,718,9,672,51,723,732,9,1,'2023-09-17 08:02:33'),
(26,26,'2018',712,0,712,721,9,704,15,719,728,9,693,35,728,737,9,691,51,742,751,9,1,'2023-09-17 08:02:33'),
(27,27,'2018',422,0,422,431,9,421,2,423,432,9,414,4,418,427,9,413,6,419,428,9,1,'2023-09-17 08:02:33'),
(28,28,'2018',419,0,419,428,9,418,2,420,429,9,411,4,415,424,9,410,6,416,425,9,1,'2023-09-17 08:02:33'),
(29,29,'2018',296,0,296,305,9,299,1,300,309,9,294,3,297,306,9,293,5,298,307,9,1,'2023-09-17 08:02:33'),
(30,30,'2018',314,0,314,323,9,317,1,318,327,9,312,3,315,324,9,311,5,316,325,9,1,'2023-09-17 08:02:33'),
(31,31,'2018',586,0,586,595,9,581,0,581,590,9,572,1,573,582,9,571,1,572,581,9,1,'2023-09-17 08:02:33'),
(32,32,'2018',603,0,603,612,9,599,0,599,608,9,590,1,591,600,9,589,1,590,599,9,1,'2023-09-17 08:02:33'),
(33,33,'2018',622,1,623,632,9,617,4,621,630,9,607,9,616,625,9,606,13,619,628,9,1,'2023-09-17 08:02:33'),
(34,34,'2018',661,1,662,671,9,655,4,659,668,9,645,9,654,663,9,643,13,656,665,9,1,'2023-09-17 08:02:33'),
(35,35,'2018',355,0,355,364,9,357,2,359,368,9,351,4,355,364,9,350,6,356,365,9,1,'2023-09-17 08:02:33'),
(36,36,'2018',1424,207,1631,1640,9,1398,274,1672,1681,9,1376,332,1708,1717,9,1373,329,1702,1711,9,1,'2023-09-17 08:02:33'),
(37,37,'2018',1569,207,1776,1785,9,1540,274,1814,1823,9,1516,332,1848,1857,9,1512,329,1841,1850,9,1,'2023-09-17 08:02:33'),
(38,38,'2018',0,0,0,0,9,0,0,0,0,9,0,0,0,0,9,0,0,0,0,9,1,'2023-09-17 08:02:33'),
(39,39,'2018',0,0,0,0,9,0,0,0,0,9,0,0,0,0,9,0,0,0,0,9,1,'2023-09-17 08:02:33'),
(40,40,'2018',0,0,0,0,9,0,0,0,0,9,0,0,0,0,9,0,0,0,0,9,1,'2023-09-17 08:02:33'),
(41,41,'2018',0,0,0,0,9,0,0,0,0,9,0,0,0,0,9,0,0,0,0,9,1,'2023-09-17 08:02:33'),
(42,42,'2018',582,12,594,603,9,582,12,594,603,9,588,11,599,608,9,588,11,599,0,9,1,'2023-09-17 08:02:33'),
(43,43,'2018',473,7,480,489,9,473,7,480,489,9,473,43,516,525,9,473,43,516,0,9,1,'2023-09-17 08:02:33'),
(44,44,'2018',543,107,650,659,9,543,107,650,659,9,484,44,528,537,9,484,44,528,0,9,1,'2023-09-17 08:02:33'),
(45,45,'2018',465,37,502,511,9,465,37,502,511,9,465,33,498,507,9,465,33,498,0,9,1,'2023-09-17 08:02:33'),
(46,46,'2018',483,37,520,529,9,483,37,520,529,9,484,33,517,526,9,484,33,517,0,9,1,'2023-09-17 08:02:33'),
(47,47,'2018',319,10,329,338,9,319,10,329,338,9,321,9,330,339,9,321,9,330,0,9,1,'2023-09-17 08:02:33'),
(48,48,'2018',534,107,641,650,9,534,107,641,650,9,476,44,520,529,9,476,44,520,0,9,1,'2023-09-17 08:02:33'),
(49,1,'2019',287,2,289,298,9,287,2,289,298,9,290,0,290,299,9,290,0,290,299,9,1,'2023-09-17 08:04:38'),
(50,2,'2019',305,2,307,316,9,305,2,307,316,9,308,0,308,317,9,308,0,308,317,9,1,'2023-09-17 08:04:38'),
(51,3,'2019',427,37,464,473,9,427,37,464,473,9,432,33,465,474,9,432,33,465,474,9,1,'2023-09-17 08:04:38'),
(52,4,'2019',446,37,483,492,9,446,37,483,492,9,451,33,484,493,9,451,33,484,493,9,1,'2023-09-17 08:04:38'),
(53,5,'2019',427,23,450,459,9,427,23,450,459,9,432,23,455,464,9,432,23,455,464,9,1,'2023-09-17 08:04:38'),
(54,6,'2019',446,23,469,478,9,446,23,469,478,9,451,23,474,483,9,451,23,474,483,9,1,'2023-09-17 08:04:38'),
(55,7,'2019',438,33,471,480,9,438,33,471,480,9,441,33,474,483,9,441,33,474,483,9,1,'2023-09-17 08:04:38'),
(56,8,'2019',458,33,491,500,9,458,33,491,500,9,463,33,496,505,9,463,33,496,505,9,1,'2023-09-17 08:04:38'),
(57,9,'2019',272,5,277,286,9,272,5,277,286,9,275,4,279,288,9,275,4,279,288,9,1,'2023-09-17 08:04:38'),
(58,10,'2019',235,0,235,244,9,235,0,235,244,9,237,0,237,246,9,237,0,237,246,9,1,'2023-09-17 08:04:38'),
(59,11,'2019',251,0,251,260,9,251,0,251,260,9,254,0,254,263,9,254,0,254,263,9,1,'2023-09-17 08:04:38'),
(60,12,'2019',416,107,523,532,9,416,107,523,532,9,420,44,464,473,9,420,44,464,473,9,1,'2023-09-17 08:04:38'),
(61,13,'2019',436,107,543,552,9,436,107,543,552,9,441,44,485,494,9,441,44,485,494,9,1,'2023-09-17 08:04:38'),
(62,14,'2019',416,69,485,494,9,416,69,485,494,9,420,29,449,458,9,420,29,449,458,9,1,'2023-09-17 08:04:38'),
(63,15,'2019',436,69,505,514,9,436,69,505,514,9,441,29,470,479,9,441,29,470,479,9,1,'2023-09-17 08:04:38'),
(64,16,'2019',415,71,486,495,9,415,71,486,495,9,419,19,438,447,9,419,19,438,447,9,1,'2023-09-17 08:04:38'),
(65,17,'2019',0,0,0,0,9,0,0,0,0,9,0,0,0,0,9,0,0,0,0,9,1,'2023-09-17 08:04:38'),
(66,18,'2019',0,0,0,0,9,0,0,0,0,9,0,0,0,0,9,0,0,0,0,9,1,'2023-09-17 08:04:38'),
(67,19,'2019',519,57,576,585,9,519,57,576,585,9,525,24,549,558,9,525,24,549,558,9,1,'2023-09-17 08:04:38'),
(68,20,'2019',556,57,613,622,9,556,57,613,622,9,562,24,586,595,9,562,24,586,595,9,1,'2023-09-17 08:04:38'),
(69,21,'2019',708,122,830,839,9,708,122,830,839,9,716,53,769,778,9,716,53,769,778,9,1,'2023-09-17 08:04:38'),
(70,22,'2019',725,122,847,856,9,725,122,847,856,9,733,53,786,795,9,733,53,786,795,9,1,'2023-09-17 08:04:38'),
(71,23,'2019',662,78,740,749,9,662,78,740,749,9,669,35,704,713,9,669,35,704,713,9,1,'2023-09-17 08:04:38'),
(72,24,'2019',681,78,759,768,9,681,78,759,768,9,688,35,723,732,9,688,35,723,732,9,1,'2023-09-17 08:04:38'),
(73,25,'2019',667,114,781,790,9,667,114,781,790,9,674,57,731,740,9,674,57,731,740,9,1,'2023-09-17 08:04:38'),
(74,26,'2019',686,114,800,809,9,686,114,800,809,9,693,57,750,759,9,693,57,750,759,9,1,'2023-09-17 08:04:38'),
(75,27,'2019',410,14,424,433,9,410,14,424,433,9,414,5,419,428,9,414,5,419,428,9,1,'2023-09-17 08:04:38'),
(76,28,'2019',407,14,421,430,9,407,14,421,430,9,411,5,416,425,9,411,5,416,425,9,1,'2023-09-17 08:04:38'),
(77,29,'2019',291,10,301,310,9,291,10,301,310,9,294,9,303,312,9,294,9,303,312,9,1,'2023-09-17 08:04:38'),
(78,30,'2019',309,10,319,328,9,309,10,319,328,9,312,9,321,330,9,312,9,321,330,9,1,'2023-09-17 08:04:38'),
(79,31,'2019',567,2,569,578,9,567,2,569,578,9,573,2,575,584,9,573,2,575,584,9,1,'2023-09-17 08:04:38'),
(80,32,'2019',585,2,587,596,9,585,2,587,596,9,591,2,593,602,9,591,2,593,602,9,1,'2023-09-17 08:04:38'),
(81,33,'2019',602,22,624,633,9,602,22,624,633,9,608,17,625,634,9,608,17,625,634,9,1,'2023-09-17 08:04:38'),
(82,34,'2019',638,22,660,669,9,638,22,660,669,9,645,17,662,671,9,645,17,662,671,9,1,'2023-09-17 08:04:38'),
(83,35,'2019',345,10,355,364,9,345,10,355,364,9,352,9,361,370,9,352,9,361,370,9,1,'2023-09-17 08:04:38'),
(84,36,'2019',1363,325,1688,1697,9,1363,325,1688,1697,9,1377,149,1526,1535,9,1377,149,1526,1535,9,1,'2023-09-17 08:04:38'),
(85,37,'2019',1501,325,1826,1835,9,1501,325,1826,1835,9,1517,149,1666,1675,9,1517,149,1666,1675,9,1,'2023-09-17 08:04:38'),
(86,38,'2019',0,0,0,0,9,0,0,0,0,9,0,0,0,0,9,0,0,0,0,9,1,'2023-09-17 08:04:38'),
(87,39,'2019',0,0,0,0,9,0,0,0,0,9,0,0,0,0,9,0,0,0,0,9,1,'2023-09-17 08:04:38'),
(88,40,'2019',0,0,0,0,9,0,0,0,0,9,0,0,0,0,9,0,0,0,0,9,1,'2023-09-17 08:04:38'),
(89,41,'2019',0,0,0,0,9,0,0,0,0,9,0,0,0,0,9,0,0,0,0,9,1,'2023-09-17 08:04:38'),
(90,42,'2019',582,12,594,603,9,582,12,594,603,9,588,11,599,608,9,588,11,599,608,9,1,'2023-09-17 08:04:38'),
(91,43,'2019',473,7,480,489,9,473,7,480,489,9,473,43,516,525,9,473,43,516,525,9,1,'2023-09-17 08:04:38'),
(92,44,'2019',543,107,650,659,9,543,107,650,659,9,484,44,528,537,9,484,44,528,537,9,1,'2023-09-17 08:04:38'),
(93,45,'2019',465,37,502,511,9,465,37,502,511,9,465,33,498,507,9,465,33,498,507,9,1,'2023-09-17 08:04:38'),
(94,46,'2019',483,37,520,529,9,483,37,520,529,9,484,33,517,526,9,484,33,517,526,9,1,'2023-09-17 08:04:38'),
(95,47,'2019',319,10,329,338,9,319,10,329,338,9,321,9,330,339,9,321,9,330,339,9,1,'2023-09-17 08:04:38'),
(96,48,'2019',534,107,641,650,9,534,107,641,650,9,476,44,520,529,9,476,44,520,529,9,1,'2023-09-17 08:04:38'),
(97,1,'2020',288,-4,284,293,9,293,-2,291,300,9,274,-3,271,280,9,282,-6,276,285,9,1,'2023-09-17 08:07:23'),
(98,2,'2020',306,-4,302,311,9,311,-2,309,318,9,291,-3,288,297,9,299,-6,293,302,9,1,'2023-09-17 08:07:23'),
(99,3,'2020',430,6,436,445,9,437,4,441,450,9,409,1,410,419,9,421,-3,418,427,9,1,'2023-09-17 08:07:23'),
(100,4,'2020',448,6,454,463,9,455,4,459,468,9,426,1,427,436,9,438,-3,435,444,9,1,'2023-09-17 08:07:23'),
(101,5,'2020',430,7,437,446,9,437,5,442,451,9,409,-1,408,417,9,421,-6,415,424,9,1,'2023-09-17 08:07:23'),
(102,6,'2020',448,7,455,464,9,455,5,460,469,9,429,-1,428,437,9,438,-6,432,441,9,1,'2023-09-17 08:07:23'),
(103,7,'2020',438,9,447,456,9,445,7,452,461,9,417,-1,416,425,9,429,-7,422,431,9,1,'2023-09-17 08:07:23'),
(104,8,'2020',460,9,469,478,9,467,7,474,483,9,437,-1,436,445,9,449,-7,442,451,9,1,'2023-09-17 08:07:23'),
(105,9,'2020',273,0,273,282,9,277,0,277,286,9,259,0,259,268,9,256,0,256,265,9,1,'2023-09-17 08:07:23'),
(106,10,'2020',236,0,236,245,9,240,0,240,249,9,225,0,225,234,9,231,0,231,240,9,1,'2023-09-17 08:07:23'),
(107,11,'2020',253,0,253,262,9,257,0,257,266,9,241,0,241,250,9,248,0,248,257,9,1,'2023-09-17 08:07:23'),
(108,12,'2020',418,11,429,438,9,425,10,435,444,9,398,4,402,411,9,409,-2,407,416,9,1,'2023-09-17 08:07:23'),
(109,13,'2020',438,11,449,458,9,445,10,455,464,9,417,4,421,430,9,429,-2,427,436,9,1,'2023-09-17 08:07:23'),
(110,14,'2020',418,8,426,435,9,425,7,432,441,9,398,2,400,409,9,409,-3,406,415,9,1,'2023-09-17 08:07:23'),
(111,15,'2020',438,8,446,455,9,445,7,452,461,9,417,2,419,428,9,429,-3,426,435,9,1,'2023-09-17 08:07:23'),
(112,16,'2020',417,8,425,434,9,424,7,431,440,9,397,2,399,408,9,408,-3,405,414,9,1,'2023-09-17 08:07:23'),
(113,17,'2020',0,0,0,0,9,0,0,0,0,9,0,0,0,0,9,0,0,0,0,9,1,'2023-09-17 08:07:23'),
(114,18,'2020',0,0,0,0,9,0,0,0,0,9,0,0,0,0,9,0,0,0,0,9,1,'2023-09-17 08:07:23'),
(115,19,'2020',522,7,529,538,9,530,6,536,545,9,496,1,497,506,9,510,-2,508,517,9,1,'2023-09-17 08:07:23'),
(116,20,'2020',559,7,566,575,9,568,6,574,583,9,532,1,533,542,9,547,-2,545,554,9,1,'2023-09-17 08:07:23'),
(117,21,'2020',712,18,730,739,9,723,14,737,746,9,677,2,679,688,9,696,-9,687,696,9,1,'2023-09-17 08:07:23'),
(118,22,'2020',729,18,747,756,9,741,14,755,764,9,694,2,696,705,9,714,-9,705,714,9,1,'2023-09-17 08:07:23'),
(119,23,'2020',665,13,678,687,9,676,10,686,695,9,633,0,633,642,9,651,-8,643,652,9,1,'2023-09-17 08:07:23'),
(120,24,'2020',684,13,697,706,9,695,10,705,714,9,651,0,651,660,9,670,-8,662,671,9,1,'2023-09-17 08:07:23'),
(121,25,'2020',670,17,687,696,9,681,13,694,703,9,638,2,640,649,9,658,-9,649,658,9,1,'2023-09-17 08:07:23'),
(122,26,'2020',689,17,706,715,9,700,13,713,722,9,655,2,657,666,9,674,-9,665,674,9,1,'2023-09-17 08:07:23'),
(123,27,'2020',412,3,415,424,9,419,2,421,430,9,392,1,393,402,9,403,-2,401,410,9,1,'2023-09-17 08:07:23'),
(124,28,'2020',409,3,412,421,9,416,2,418,427,9,390,1,391,400,9,401,-2,399,408,9,1,'2023-09-17 08:07:23'),
(125,29,'2020',292,2,294,303,9,297,2,299,308,9,278,0,278,287,9,286,-1,285,294,9,1,'2023-09-17 08:07:23'),
(126,30,'2020',310,2,312,321,9,315,2,317,326,9,295,0,295,304,9,303,-1,302,311,9,1,'2023-09-17 08:07:23'),
(127,31,'2020',570,1,571,580,9,579,1,580,589,9,542,0,542,551,9,557,-1,556,565,9,1,'2023-09-17 08:07:23'),
(128,32,'2020',588,1,589,598,9,597,1,598,607,9,559,0,559,568,9,575,-1,574,583,9,1,'2023-09-17 08:07:23'),
(129,33,'2020',605,1,606,615,9,615,2,617,626,9,576,1,577,586,9,592,1,593,602,9,1,'2023-09-17 08:07:23'),
(130,34,'2020',641,1,642,651,9,651,2,653,662,9,610,1,611,620,9,627,1,628,637,9,1,'2023-09-17 08:07:23'),
(131,35,'2020',350,2,352,361,9,356,2,358,367,9,333,0,333,342,9,343,-1,342,351,9,1,'2023-09-17 08:07:23'),
(132,36,'2020',1359,16,1375,1384,9,1391,22,1413,1422,9,1302,7,1309,1318,9,1338,-29,1309,1318,9,1,'2023-09-17 08:07:23'),
(133,37,'2020',1506,16,1522,1531,9,1532,22,1554,1563,9,1434,7,1441,1450,9,1475,-29,1446,1455,9,1,'2023-09-17 08:07:23'),
(134,38,'2020',0,0,0,0,9,0,0,0,0,9,0,0,0,0,9,0,0,0,0,9,1,'2023-09-17 08:07:23'),
(135,39,'2020',0,0,0,0,9,0,0,0,0,9,0,0,0,0,9,0,0,0,0,9,1,'2023-09-17 08:07:23'),
(136,40,'2020',0,0,0,0,9,0,0,0,0,9,1449,-5,1444,1453,9,1490,-27,1463,1472,9,1,'2023-09-17 08:07:23'),
(137,41,'2020',0,0,0,0,9,0,0,0,0,9,1582,-5,1577,1586,9,1627,-27,1600,1609,9,1,'2023-09-17 08:07:23'),
(138,42,'2020',585,3,588,597,9,594,2,596,605,9,556,0,556,565,9,572,-2,570,579,9,1,'2023-09-17 08:07:23'),
(139,43,'2020',473,-45,428,437,9,473,-45,428,437,9,473,-84,389,398,9,473,-84,389,398,9,1,'2023-09-17 08:07:23'),
(140,44,'2020',449,11,460,469,9,455,10,465,474,9,422,4,426,435,9,427,-2,425,434,9,1,'2023-09-17 08:07:23'),
(141,45,'2020',436,6,442,451,9,441,4,445,454,9,410,1,411,420,9,418,-3,415,424,9,1,'2023-09-17 08:07:23'),
(142,46,'2020',454,6,460,469,9,459,4,463,472,9,427,1,428,437,9,435,-3,432,441,9,1,'2023-09-17 08:07:23'),
(143,47,'2020',312,2,314,323,9,317,2,319,328,9,295,0,295,304,9,302,-1,301,310,9,1,'2023-09-17 08:07:23'),
(144,48,'2020',476,11,487,496,9,447,10,457,466,9,413,4,417,426,9,419,-2,417,426,9,1,'2023-09-17 08:07:23'),
(145,1,'2021',279,-6,273,282,9,283,-2,281,290,9,296,-1,295,304,10,307,3,310,320,10,1,'2023-09-17 08:10:12'),
(146,2,'2021',296,-6,290,299,9,300,-2,298,307,9,313,-1,312,321,10,324,3,327,337,10,1,'2023-09-17 08:10:12'),
(147,3,'2021',417,-1,416,425,9,422,6,428,437,9,436,16,452,461,10,448,37,485,495,10,1,'2023-09-17 08:10:12'),
(148,4,'2021',434,-1,433,442,9,439,6,445,454,9,453,16,469,478,10,465,37,502,512,10,1,'2023-09-17 08:10:12'),
(149,5,'2021',417,-2,415,424,9,422,6,428,437,9,436,16,452,461,10,448,45,493,503,10,1,'2023-09-17 08:10:12'),
(150,6,'2021',434,-2,432,441,9,430,6,436,445,9,453,16,469,478,10,465,45,510,520,10,1,'2023-09-17 08:10:12'),
(151,7,'2021',425,-2,423,432,9,430,8,438,447,9,444,21,465,474,10,458,59,517,527,10,1,'2023-09-17 08:10:12'),
(152,8,'2021',445,-2,443,452,9,451,8,459,468,9,465,21,486,495,10,477,59,536,546,10,1,'2023-09-17 08:10:12'),
(153,9,'2021',263,0,263,272,9,266,0,266,275,9,279,1,280,289,10,290,2,292,302,10,1,'2023-09-17 08:10:12'),
(154,10,'2021',229,0,229,238,9,232,0,232,241,9,244,0,244,253,10,255,0,255,265,10,1,'2023-09-17 08:10:12'),
(155,11,'2021',246,0,246,255,9,249,0,249,258,9,262,0,262,271,10,273,0,273,283,10,1,'2023-09-17 08:10:12'),
(156,12,'2021',408,1,409,418,9,410,12,422,431,9,424,30,454,463,10,436,62,498,508,10,1,'2023-09-17 08:10:12'),
(157,13,'2021',425,1,426,435,9,430,12,442,451,9,444,30,474,483,10,456,62,518,528,10,1,'2023-09-17 08:10:12'),
(158,14,'2021',408,0,408,417,9,410,9,419,428,9,424,22,446,455,10,436,51,487,497,10,1,'2023-09-17 08:10:12'),
(159,15,'2021',425,0,425,434,9,430,9,439,448,9,444,22,466,475,10,456,51,507,517,10,1,'2023-09-17 08:10:12'),
(160,16,'2021',404,0,404,413,9,409,9,418,427,9,423,23,446,455,10,435,52,487,497,10,1,'2023-09-17 08:10:12'),
(161,17,'2021',0,0,0,0,9,0,0,0,0,9,0,0,0,0,10,0,0,0,0,10,1,'2023-09-17 08:10:12'),
(162,18,'2021',0,0,0,0,9,0,0,0,0,9,0,0,0,0,10,0,0,0,0,10,1,'2023-09-17 08:10:12'),
(163,19,'2021',505,0,505,514,9,511,7,518,527,9,526,18,544,553,10,538,43,581,591,10,1,'2023-09-17 08:10:12'),
(164,20,'2021',542,0,542,551,9,549,7,556,565,9,564,18,582,591,10,577,43,620,630,10,1,'2023-09-17 08:10:12'),
(165,21,'2021',689,-2,687,696,9,698,17,715,724,9,715,45,760,769,10,728,110,838,848,10,1,'2023-09-17 08:10:12'),
(166,22,'2021',707,-2,705,714,9,716,17,733,742,9,733,45,778,787,10,746,110,856,866,10,1,'2023-09-17 08:10:12'),
(167,23,'2021',645,-2,643,652,9,653,13,666,675,9,669,32,701,710,10,682,85,767,777,10,1,'2023-09-17 08:10:12'),
(168,24,'2021',663,-2,661,670,9,671,13,684,693,9,688,32,720,729,10,701,85,786,796,10,1,'2023-09-17 08:10:12'),
(169,25,'2021',650,-2,648,657,9,658,17,675,684,9,674,43,717,726,10,687,107,794,804,10,1,'2023-09-17 08:10:12'),
(170,26,'2021',667,-2,665,674,9,675,17,692,701,9,692,43,735,744,10,705,107,812,822,10,1,'2023-09-17 08:10:12'),
(171,27,'2021',399,-1,398,407,9,404,2,406,415,9,418,6,424,433,10,430,15,445,455,10,1,'2023-09-17 08:10:12'),
(172,28,'2021',397,-1,396,405,9,402,2,404,413,9,418,6,424,433,10,428,15,443,453,10,1,'2023-09-17 08:10:12'),
(173,29,'2021',283,-1,282,291,9,287,2,289,298,9,300,5,305,314,10,311,13,324,334,10,1,'2023-09-17 08:10:12'),
(174,30,'2021',300,-1,299,308,9,304,2,306,315,9,317,5,322,331,10,329,13,342,352,10,1,'2023-09-17 08:10:12'),
(175,31,'2021',552,0,552,561,9,559,1,560,569,9,575,2,577,586,10,588,8,596,606,10,1,'2023-09-17 08:10:12'),
(176,32,'2021',569,0,569,578,9,576,1,577,586,9,592,2,594,603,10,605,8,613,623,10,1,'2023-09-17 08:10:12'),
(177,33,'2021',586,1,587,596,9,593,2,595,604,9,609,5,614,623,10,622,9,631,641,10,1,'2023-09-17 08:10:12'),
(178,34,'2021',621,1,622,631,9,629,2,631,640,9,645,5,650,659,10,658,9,667,677,10,1,'2023-09-17 08:10:12'),
(179,35,'2021',340,-1,339,348,9,344,2,346,355,9,357,5,362,371,10,369,13,382,392,10,1,'2023-09-17 08:10:12'),
(180,36,'2021',1326,-18,1308,1317,9,1343,29,1372,1381,9,1366,84,1450,1459,10,1382,145,1527,1537,10,1,'2023-09-17 08:10:12'),
(181,37,'2021',1461,-18,1443,1452,9,1479,29,1508,1517,9,1503,84,1587,1596,10,1520,145,1665,1675,10,1,'2023-09-17 08:10:12'),
(182,38,'2021',0,0,0,0,9,0,0,0,0,9,0,0,0,0,10,1304,98,1402,1412,10,1,'2023-09-17 08:10:12'),
(183,39,'2021',0,0,0,0,9,0,0,0,0,9,0,0,0,0,10,1441,98,1539,1549,10,1,'2023-09-17 08:10:12'),
(184,40,'2021',1475,-14,1461,1470,9,1494,19,1513,1522,9,1519,59,1578,1587,10,1536,160,1696,1706,10,1,'2023-09-17 08:10:12'),
(185,41,'2021',1611,-14,1597,1606,9,1631,19,1650,1659,9,1657,59,1716,1725,10,1675,160,1835,1845,10,1,'2023-09-17 08:10:12'),
(186,42,'2021',566,-1,565,574,9,573,3,576,585,9,589,6,595,604,10,602,17,619,629,10,1,'2023-09-17 08:10:12'),
(187,43,'2021',473,-95,378,387,9,473,-95,378,387,9,473,-77,396,405,10,473,-77,396,406,10,1,'2023-09-17 08:10:12'),
(188,44,'2021',426,1,427,436,9,442,12,454,463,9,474,30,504,513,10,518,62,580,590,10,1,'2023-09-17 08:10:12'),
(189,45,'2021',436,-1,435,444,9,428,6,434,443,9,452,16,468,477,10,485,37,522,532,10,1,'2023-09-17 08:10:12'),
(190,46,'2021',433,-1,432,441,9,445,6,451,460,9,469,16,485,494,10,502,37,539,549,10,1,'2023-09-17 08:10:12'),
(191,47,'2021',299,-1,298,307,9,306,2,308,317,9,322,5,327,336,10,342,13,355,365,10,1,'2023-09-17 08:10:12'),
(192,48,'2021',418,1,419,428,9,434,12,446,455,9,466,30,496,505,10,510,62,572,582,10,1,'2023-09-17 08:10:12'),
(193,1,'2022',313,3,316,326,10,356,5,361,373,12,419,13,432,444,12,429,10,439,455,16,1,'2023-09-17 08:20:34'),
(194,2,'2022',340,3,343,353,10,373,5,378,390,12,436,13,449,461,12,447,10,457,473,16,1,'2023-09-17 08:20:34'),
(195,3,'2022',456,37,493,503,10,500,39,539,551,12,569,54,623,635,12,583,42,625,641,16,1,'2023-09-17 08:20:34'),
(196,4,'2022',474,37,511,521,10,518,39,557,569,12,588,54,642,654,12,602,42,644,660,16,1,'2023-09-17 08:20:34'),
(197,5,'2022',456,48,504,514,10,500,49,549,561,12,569,61,630,642,12,583,50,633,649,16,1,'2023-09-17 08:20:34'),
(198,6,'2022',474,48,522,532,10,518,49,567,579,12,588,61,649,661,12,602,50,652,668,16,1,'2023-09-17 08:20:34'),
(199,7,'2022',464,62,526,536,10,508,64,572,584,12,577,81,658,670,12,591,67,658,674,16,1,'2023-09-17 08:20:34'),
(200,8,'2022',486,62,548,558,10,530,64,594,606,12,600,81,681,693,12,615,67,682,698,16,1,'2023-09-17 08:20:34'),
(201,9,'2022',296,1,297,307,10,338,2,340,352,12,400,3,403,415,12,410,2,412,428,16,1,'2023-09-17 08:20:34'),
(202,10,'2022',260,0,260,270,10,302,0,302,314,12,362,0,362,374,12,371,0,371,387,16,1,'2023-09-17 08:20:34'),
(203,11,'2022',278,0,278,288,10,320,0,320,332,12,381,0,381,393,12,390,0,390,406,16,1,'2023-09-17 08:20:34'),
(204,12,'2022',444,56,500,510,10,488,63,551,563,12,556,98,654,666,12,570,73,643,659,16,1,'2023-09-17 08:20:34'),
(205,13,'2022',464,56,520,530,10,508,63,571,583,12,577,98,675,687,12,591,73,664,680,16,1,'2023-09-17 08:20:34'),
(206,14,'2022',444,49,493,503,10,488,53,541,553,12,556,77,633,645,12,570,59,629,645,16,1,'2023-09-17 08:20:34'),
(207,15,'2022',464,49,513,523,10,508,53,561,573,12,577,77,654,666,12,591,59,650,666,16,1,'2023-09-17 08:20:34'),
(208,16,'2022',443,49,492,502,10,488,53,541,553,12,555,78,633,645,12,569,60,629,645,16,1,'2023-09-17 08:20:34'),
(209,17,'2022',0,0,0,0,10,861,49,910,922,12,946,73,1019,1031,12,969,54,1023,1039,16,1,'2023-09-17 08:20:34'),
(210,18,'2022',0,0,0,0,10,861,49,910,922,12,946,73,1019,1031,12,969,54,1023,1039,16,1,'2023-09-17 08:20:34'),
(211,19,'2022',548,41,589,599,10,593,45,638,650,12,666,65,731,743,12,682,50,732,748,16,1,'2023-09-17 08:20:34'),
(212,20,'2022',588,41,629,639,10,633,45,678,690,12,708,65,773,785,12,725,50,775,791,16,1,'2023-09-17 08:20:34'),
(213,21,'2022',741,109,850,860,10,788,116,904,916,12,870,160,1030,1042,12,891,126,1017,1033,16,1,'2023-09-17 08:20:34'),
(214,22,'2022',760,109,869,879,10,807,116,923,935,12,889,160,1049,1061,12,911,126,1037,1053,16,1,'2023-09-17 08:20:34'),
(215,23,'2022',695,87,782,792,10,741,91,832,844,12,820,121,941,953,12,840,97,937,953,16,1,'2023-09-17 08:20:34'),
(216,24,'2022',714,87,801,811,10,760,91,851,863,12,840,121,961,973,12,861,97,958,974,16,1,'2023-09-17 08:20:34'),
(217,25,'2022',700,106,806,816,10,74,112,186,198,12,826,155,981,993,12,846,122,968,984,16,1,'2023-09-17 08:20:34'),
(218,26,'2022',718,106,824,834,10,764,112,876,888,12,844,155,999,1011,12,865,122,987,1003,16,1,'2023-09-17 08:20:34'),
(219,27,'2022',436,15,451,461,10,482,16,498,510,12,550,22,572,584,12,564,18,582,598,16,1,'2023-09-17 08:20:34'),
(220,28,'2022',436,15,451,461,10,480,16,496,508,12,548,22,570,582,12,561,18,579,595,16,1,'2023-09-17 08:20:34'),
(221,29,'2022',317,13,330,340,10,360,13,373,385,12,423,18,441,453,12,433,14,447,463,16,1,'2023-09-17 08:20:34'),
(222,30,'2022',335,13,348,358,10,378,13,391,403,12,442,18,460,472,12,453,14,467,483,16,1,'2023-09-17 08:20:34'),
(223,31,'2022',599,8,607,617,10,644,8,652,664,12,719,10,729,741,12,737,8,745,761,16,1,'2023-09-17 08:20:34'),
(224,32,'2022',616,8,624,634,10,661,8,669,681,12,737,10,747,759,12,755,8,763,779,16,1,'2023-09-17 08:20:34'),
(225,33,'2022',634,7,641,651,10,680,9,689,701,12,757,16,773,785,12,776,11,787,803,16,1,'2023-09-17 08:20:34'),
(226,34,'2022',670,7,677,687,10,716,9,725,737,12,794,1,795,807,12,814,11,825,841,16,1,'2023-09-17 08:20:34'),
(227,35,'2022',376,13,389,399,10,419,13,432,444,12,484,16,500,512,12,496,14,510,526,16,1,'2023-09-17 08:20:34'),
(228,36,'2022',1408,163,1571,1581,10,1461,228,1689,1701,12,1572,375,1947,1959,12,1611,274,1885,1901,16,1,'2023-09-17 08:20:34'),
(229,37,'2022',1546,163,1709,1719,10,1602,228,1830,1842,12,1719,375,2094,2106,12,1761,274,2035,2051,16,1,'2023-09-17 08:20:34'),
(230,38,'2022',1328,96,1424,1434,10,1380,106,1486,1498,12,1487,163,1650,1662,12,1524,125,1649,1665,16,1,'2023-09-17 08:20:34'),
(231,39,'2022',1468,96,1564,1574,10,1521,106,1627,1639,12,1635,163,1798,1810,12,1675,125,1800,1816,16,1,'2023-09-17 08:20:34'),
(232,40,'2022',1564,164,1728,1738,10,1618,175,1793,1805,12,1736,250,1986,1998,12,1779,197,1976,1992,16,1,'2023-09-17 08:20:34'),
(233,41,'2022',1706,164,1870,1880,10,1761,175,1936,1948,12,1885,250,2135,2147,12,1931,197,2128,2144,16,1,'2023-09-17 08:20:34'),
(234,42,'2022',613,17,630,640,10,658,18,676,688,12,734,24,758,770,12,0,0,0,16,16,1,'2023-09-17 08:20:34'),
(235,44,'2022',520,56,576,586,10,571,63,634,646,12,674,98,772,784,12,663,73,544,560,16,1,'2023-09-17 08:20:34'),
(236,45,'2022',493,37,530,540,10,539,39,578,590,12,623,54,677,689,12,625,42,667,683,16,1,'2023-09-17 08:20:34'),
(237,46,'2022',511,37,548,558,10,557,39,596,608,12,642,54,696,708,12,644,42,686,702,16,1,'2023-09-17 08:20:34'),
(238,47,'2022',348,13,361,371,10,391,13,404,416,12,460,18,478,490,12,467,14,481,497,16,1,'2023-09-17 08:20:34'),
(239,48,'2022',512,56,568,578,10,571,63,634,646,12,675,98,773,785,12,664,73,737,753,16,1,'2023-09-17 08:20:34'),
(240,43,'2022',451,0,451,461,10,451,0,451,463,12,473,0,473,485,12,473,0,473,489,16,1,'2023-09-17 08:31:26'),
(241,1,'2023',460,10,470,486,16,428,9,437,455,18,438,8,446,464,18,NULL,NULL,NULL,NULL,NULL,1,'2023-09-17 08:35:25'),
(242,2,'2023',480,10,490,506,16,446,9,455,473,18,456,8,464,482,18,NULL,NULL,NULL,NULL,NULL,1,'2023-09-17 08:35:25'),
(243,3,'2023',625,54,679,695,16,577,94,671,689,18,590,68,658,676,18,NULL,NULL,NULL,NULL,NULL,1,'2023-09-17 08:35:25'),
(244,4,'2023',646,54,700,716,16,597,94,691,709,18,611,59,670,688,18,NULL,NULL,NULL,NULL,NULL,1,'2023-09-17 08:35:25'),
(245,5,'2023',625,69,694,710,16,577,128,705,723,18,590,89,679,697,18,NULL,NULL,NULL,NULL,NULL,1,'2023-09-17 08:35:25'),
(246,6,'2023',646,69,715,731,16,597,128,725,743,18,611,89,700,718,18,NULL,NULL,NULL,NULL,NULL,1,'2023-09-17 08:35:25'),
(247,7,'2023',634,90,724,740,16,586,165,751,769,18,599,117,716,734,18,NULL,NULL,NULL,NULL,NULL,1,'2023-09-17 08:35:25'),
(248,8,'2023',660,90,750,766,16,608,165,773,791,18,623,117,740,758,18,NULL,NULL,NULL,NULL,NULL,1,'2023-09-17 08:35:25'),
(249,9,'2023',440,2,442,458,16,410,2,412,430,18,419,2,421,439,18,NULL,NULL,NULL,NULL,NULL,1,'2023-09-17 08:35:25'),
(250,10,'2023',398,0,398,414,16,371,0,371,389,18,379,0,379,397,18,NULL,NULL,NULL,NULL,NULL,1,'2023-09-17 08:35:25'),
(251,11,'2023',418,0,418,434,16,390,0,390,408,18,399,0,399,417,18,NULL,NULL,NULL,NULL,NULL,1,'2023-09-17 08:35:25'),
(252,12,'2023',612,84,696,712,16,566,137,703,721,18,579,105,684,702,18,NULL,NULL,NULL,NULL,NULL,1,'2023-09-17 08:35:25'),
(253,13,'2023',634,84,718,734,16,586,137,723,741,18,599,105,704,722,18,NULL,NULL,NULL,NULL,NULL,1,'2023-09-17 08:35:25'),
(254,14,'2023',612,72,684,700,16,566,123,689,707,18,579,91,670,688,18,NULL,NULL,NULL,NULL,NULL,1,'2023-09-17 08:35:25'),
(255,15,'2023',634,72,706,722,16,586,123,709,727,18,599,91,690,708,18,NULL,NULL,NULL,NULL,NULL,1,'2023-09-17 08:35:25'),
(256,16,'2023',610,73,683,699,16,564,124,688,706,18,577,92,669,687,18,NULL,NULL,NULL,NULL,NULL,1,'2023-09-17 08:35:25'),
(257,17,'2023',1040,66,1106,1122,16,954,112,1066,1084,18,976,84,1060,1078,18,NULL,NULL,NULL,NULL,NULL,1,'2023-09-17 08:35:25'),
(258,18,'2023',1040,66,1106,1122,16,954,112,1066,1084,18,976,84,1060,1078,18,NULL,NULL,NULL,NULL,NULL,1,'2023-09-17 08:35:25'),
(259,19,'2023',732,62,794,810,16,675,106,781,799,18,690,78,768,786,18,NULL,NULL,NULL,NULL,NULL,1,'2023-09-17 08:35:25'),
(260,20,'2023',778,62,840,856,16,716,106,822,840,18,732,78,810,828,18,NULL,NULL,NULL,NULL,NULL,1,'2023-09-17 08:35:25'),
(261,21,'2023',956,160,1116,1132,16,878,281,1159,1177,18,898,205,1103,1121,18,NULL,NULL,NULL,NULL,NULL,1,'2023-09-17 08:35:25'),
(262,22,'2023',977,160,1137,1153,16,897,281,1178,1196,18,917,205,1122,1140,18,NULL,NULL,NULL,NULL,NULL,1,'2023-09-17 08:35:25'),
(263,23,'2023',901,126,1027,1043,16,828,225,1053,1071,18,847,162,1009,1027,18,NULL,NULL,NULL,NULL,NULL,1,'2023-09-17 08:35:25'),
(264,24,'2023',924,126,1050,1066,16,849,225,1074,1092,18,868,162,1030,1048,18,868,162,1030,1048,18,1,'2023-11-19 06:44:32'),
(265,25,'2023',908,156,1064,1080,16,834,273,1107,1125,18,853,199,1052,1070,18,NULL,NULL,NULL,NULL,NULL,1,'2023-09-17 08:35:25'),
(266,26,'2023',928,156,1084,1100,16,853,273,1126,1144,18,872,199,1071,1089,18,NULL,NULL,NULL,NULL,NULL,1,'2023-09-17 08:35:25'),
(267,27,'2023',605,22,627,643,16,559,41,600,618,18,572,29,601,619,18,NULL,NULL,NULL,NULL,NULL,1,'2023-09-17 08:35:25'),
(268,28,'2023',602,22,624,640,16,557,41,598,616,18,570,29,599,617,18,NULL,NULL,NULL,NULL,NULL,1,'2023-09-17 08:35:25'),
(269,29,'2023',465,19,484,500,16,432,33,465,483,18,442,24,466,484,18,NULL,NULL,NULL,NULL,NULL,1,'2023-09-17 08:35:25'),
(270,30,'2023',486,19,505,521,16,451,33,484,502,18,461,24,485,503,18,NULL,NULL,NULL,NULL,NULL,1,'2023-09-17 08:35:25'),
(271,31,'2023',791,12,803,819,16,728,23,751,769,18,745,16,761,779,18,NULL,NULL,NULL,NULL,NULL,1,'2023-09-17 08:35:25'),
(272,32,'2023',810,12,822,838,16,745,23,768,786,18,762,16,778,796,18,NULL,NULL,NULL,NULL,NULL,1,'2023-09-17 08:35:26'),
(273,33,'2023',833,11,844,860,16,766,15,781,799,18,783,13,796,814,18,NULL,NULL,NULL,NULL,NULL,1,'2023-09-17 08:35:26'),
(274,34,'2023',873,11,884,900,16,803,15,818,836,18,821,13,834,852,18,NULL,NULL,NULL,NULL,NULL,1,'2023-09-17 08:35:26'),
(275,35,'2023',832,19,851,867,16,493,33,526,544,18,504,24,528,546,18,NULL,NULL,NULL,NULL,NULL,1,'2023-09-17 08:35:26'),
(276,36,'2023',1728,269,1997,2013,16,1579,251,1830,1848,18,1615,203,1818,1836,18,NULL,NULL,NULL,NULL,NULL,1,'2023-09-17 08:35:26'),
(277,37,'2023',1889,269,2158,2174,16,1725,251,1976,1994,18,1764,203,1967,1985,18,NULL,NULL,NULL,NULL,NULL,1,'2023-09-17 08:35:26'),
(278,38,'2023',1635,153,1788,1804,16,1495,245,1740,1758,18,1529,185,1714,1732,18,NULL,NULL,NULL,NULL,NULL,1,'2023-09-17 08:35:26'),
(279,39,'2023',1797,153,1950,1966,16,1642,245,1887,1905,18,1679,185,1864,1882,18,NULL,NULL,NULL,NULL,NULL,1,'2023-09-17 08:35:26'),
(280,40,'2023',1909,250,2159,2175,16,1743,425,2168,2186,18,1783,311,2094,2112,18,NULL,NULL,NULL,NULL,NULL,1,'2023-09-17 08:35:26'),
(281,41,'2023',2072,250,2322,2338,16,1891,425,2316,2334,18,1934,311,2245,2263,18,NULL,NULL,NULL,NULL,NULL,1,'2023-09-17 08:35:26'),
(282,42,'2023',0,0,0,16,16,0,0,0,18,18,0,0,0,18,18,NULL,NULL,NULL,NULL,NULL,1,'2023-09-17 08:35:26'),
(283,44,'2023',696,84,780,796,16,703,137,840,858,18,704,105,809,827,18,NULL,NULL,NULL,NULL,NULL,1,'2023-09-17 08:35:26'),
(284,45,'2023',679,54,733,749,16,671,94,765,783,18,679,68,747,765,18,NULL,NULL,NULL,NULL,NULL,1,'2023-09-17 08:35:26'),
(285,46,'2023',700,54,754,770,16,691,94,785,803,18,658,68,726,744,18,NULL,NULL,NULL,NULL,NULL,1,'2023-09-17 08:35:26'),
(286,47,'2023',505,19,524,540,16,484,33,517,535,18,485,24,509,527,18,NULL,NULL,NULL,NULL,NULL,1,'2023-09-17 08:35:26'),
(287,48,'2023',718,84,802,818,16,723,137,860,878,18,704,105,809,827,18,NULL,NULL,NULL,NULL,NULL,1,'2023-09-17 08:35:26'),
(288,43,'2023',484,0,484,500,16,484,0,484,502,18,411,105,516,534,18,NULL,NULL,NULL,NULL,NULL,1,'2023-09-17 08:36:12'),
(289,50,'2018',0,0,0,0,0,NULL,NULL,NULL,NULL,NULL,NULL,NULL,NULL,NULL,NULL,NULL,NULL,NULL,NULL,NULL,1,'2023-09-17 09:22:24');

/*!40101 SET SQL_MODE=@OLD_SQL_MODE */;
/*!40014 SET FOREIGN_KEY_CHECKS=@OLD_FOREIGN_KEY_CHECKS */;
/*!40014 SET UNIQUE_CHECKS=@OLD_UNIQUE_CHECKS */;
/*!40111 SET SQL_NOTES=@OLD_SQL_NOTES */;
